feature_1,feature_2,feature_3,feature_4
<<<<<<< HEAD
1.4194574983263488,-2.158750616404155,-0.8225565740447998,0.5830778790120785
0.49315417839620707,-0.5323473362882117,-1.8545154867384608,-1.318097233174841
-1.4496277514899178,1.6587552295557204,-0.5014544534336973,2.5025105029085024
-2.0775545353898135,0.5333807202427433,-0.6360365866718333,0.1821906598981929
-0.007831803867654447,0.4075045048451226,1.1519111012366778,-0.2113918701304205
1.7933972025391731,-1.4282147479887812,1.0254134457579593,-1.459495527309486
-2.489757892306076,1.9821706295004236,-0.6620984170719283,2.320063952998416
-0.9504331340074533,-0.8078292439183337,1.2405984980877496,-1.3084587886400008
-0.11941750897649273,-0.6638398966339656,0.4412241327442597,-0.6865275966124449
1.023650438627052,0.6108668042484571,-0.9580689459188935,0.0917670763273854
-2.540841812175206,-3.5397287696980917,0.3974031207767055,-1.2443364849216132
1.4800069154858129,-0.26144722669611253,-0.7762855677538312,-1.1906455915552419
-0.8312501092783997,0.2526366109349273,-0.08152257034645585,-0.1851851606767171
-0.5694941510997773,-0.9402879103208548,2.581222271221996,0.3027997503377749
-0.514804450588429,-0.3684351451509438,0.4301742716422747,-2.008483197889907
0.07777112932536367,-0.42412962381937624,-2.17361275969954,-1.4384151416902302
-0.6905625825952162,0.8650233624204771,-0.21801363881036878,-0.8668214823160371
0.10087134171493439,1.0464746900782154,-0.22558651069346836,1.5229603365320163
-8.515690909812916,8.036148402137574,3.32902564948332,6.839215696792149
1.545531891938487,1.8948044002763333,-4.0830609905993,-0.7622484919127408
0.3083973032448717,0.9567824826729596,0.2155953232967064,-0.8134604688063127
-0.7408371879002703,-0.29573522977977906,0.21913932724537905,-0.5900406431953179
-0.915733024936614,-0.872842401724787,0.874791001501086,0.8092407704040684
-0.49069773142996737,-1.4812520697444636,-0.5312744231477453,-0.15585610894899787
8.040115318882759,-6.935980901955183,-1.7839565407450344,-4.628105373708877
-0.06428321332915488,-2.5301683910278205,0.10960115550418048,-0.5502275955121058
-0.6815603861388405,-1.7312263069522316,0.4719573821086305,-1.543906285451766
0.91387787561012,1.1926929082917197,-0.3836090468164457,0.13389530907668012
2.5251701202525303,0.6383090508029508,-0.05736267772860848,-0.9617433312466039
0.8596749905653576,0.18910506489590664,-1.5408488956483253,-1.345059755804205
-0.6177724010950328,-1.857697883809072,0.08341548730632031,-1.619490113062664
2.445891734568584,-1.4044754923037355,-0.9982480473358233,-0.6916862965449081
0.34405773976466086,-0.4010524670528364,1.705021601206104,-0.8509033414763981
-0.552612952556272,-1.0206589574955756,0.005458012741432566,-2.5653567551783545
-0.5877069083827094,-1.1670595605946017,1.344246146046469,-0.2812900858164405
0.02075916449649784,0.5403984738794791,0.3466776420152089,0.2361541179843344
0.9218841387405508,-0.7761785601986562,0.18747166328976733,0.10683309784279038
0.32352479546287743,0.7853924186229078,0.33659858510580976,-0.12200735263365725
0.3038694930304378,-0.4798823056421346,0.20920791677795147,0.6398841272470438
1.776718597400367,-0.18230147046530049,2.198585658437569,-2.2076049259594974
1.4257658716202812,-0.8592477842745546,0.4460208022514884,-1.1367349604770833
9.773823628776928,7.3819932346988715,-2.634601836432628,-0.44576093511422776
-0.8716454504732019,1.4746552054143995,-0.7001589893308614,2.787578008308376
2.6044953760083636,0.4910407905947134,-0.08832862469919887,0.32684754484476625
0.5650768423643489,-0.13163903889567505,-0.28552975512132095,1.2311344625275955
-0.04441312652503519,0.38170318535339076,0.5171707048091018,-0.6406948375634454
0.4617955622748483,0.09239167505250867,0.5633932572155251,0.5455411890019776
-0.45282064003906514,1.0470342771224899,-2.309498594627467,-1.559167943710889
-0.11590090939496964,1.4822594306395507,-0.5567270518934633,0.49609931927591294
2.2470914040935974,-0.3504251308372154,-0.4716136168481318,-0.9652890287851902
-0.4643662101515792,1.4091676940444755,0.4935696215511798,0.47448008632772876
-0.7984647268893993,0.5065421887648567,-0.6114972508415878,-0.9065002266410742
-0.7035370246125776,1.181727505081621,-0.8858549430829734,2.1533551080497353
0.24073276547889216,1.908577527379596,1.9381200300641912,-0.4735448909292895
-1.253231601597463,-1.6783495978492025,-2.0712749080161275,-1.87174829799555
-0.11814589631270311,-0.9548251515304933,-0.8053832791749954,1.196253671035304
1.7593535248932146,-0.6760762105923931,-0.12587631726111176,0.4777803532916745
1.3120994343880226,-0.9101850082822442,0.2469604057047003,0.17230989287857507
-0.635073793947162,0.38046640997369185,0.24725219504198187,-0.29058206996827957
-0.5887763823837662,-1.249124599369666,0.9189826214515864,-0.5731623093937492
-0.7728674917457796,0.06602316254314616,0.4936889113242626,-0.7362270842408669
1.425404424226159,1.4207088018750071,-0.13953092212505247,1.0766537402550047
-1.202456643647867,1.78850749065555,0.5997749840806759,-0.31098341296920146
-0.6977715753692276,-0.5327765259402248,0.19441153340018466,1.8160003277076684
-0.06630551853623656,1.4566306485726248,1.4154880035470074,1.3472285630536378
-1.0304849813174937,-0.32439248065009374,-0.07547253555144018,2.336685170900608
1.5015006609433645,-1.9019790592384838,-0.8415430131910524,0.9034124331416405
0.3616071030152708,-0.08789504540842345,-0.5590165223702442,0.32222154523711516
0.04880551520310002,1.3861479168278243,-0.3755283568420431,-0.7816267789700333
1.146038926279902,1.4531375516916354,0.3726877849170941,0.6478967319979592
0.727290572488111,1.5015624117606439,-1.1736936721120448,-0.41241491166774247
-2.033234801390643,-1.6659437366936514,-0.46770039207170594,-1.4396936429917362
1.7118448383716791,1.1281445491177686,1.3826877347154192,-0.7722349126649566
-0.1564068535301233,1.222734880243685,-0.48451293245595867,-1.2056673846902097
1.5563533150961064,0.8293743392603115,-1.5091006266293443,-0.2796872880763483
1.249420386187447,-0.9434322067318955,1.1920902774696078,-1.7509348841189367
-0.889070781733443,0.826311447131224,-0.9009649191788451,-1.0807979719743466
0.21972279176605292,0.9565794663884533,0.02697576869303342,-2.070250648781856
-0.445323043406017,-0.7569279266973847,1.8779108261714086,1.2612548275840014
2.1840686104079152,1.0329283297887335,-0.3774020552495673,1.187497182194011
-1.5931456760710103,0.45847577217561997,-0.3590411176359829,1.5003114550225853
-0.4653183056037502,-1.179871294512521,0.6242459043532191,-1.3245072819157682
-0.515809573316693,-0.10866712904416134,0.4610003687282449,1.6181944030695927
1.8735667802744567,-2.1511640801271117,-0.7403342136773136,-0.09095950130164343
0.06966389339248505,2.4618612661289228,3.0980646730065957,-0.7653938097727826
-0.8919132559029959,0.5045535798135584,-0.8803510153357093,-0.2314951019131644
0.6421903810443151,-0.447060417918191,-0.7084558221544213,-1.2760437808419995
1.9674469468632547,-0.8325744835167126,0.09696810436531522,-0.0767077849890625
-0.6373523177386383,-2.4057306127045024,0.8239506359662782,-0.5725602991201176
-1.3978031407804903,0.4989879229267334,-0.6116889162162116,0.8151003905759285
1.0532259419156245,0.584774827188811,1.2493146282968364,-0.7151045256456809
-0.9412302793452919,0.13119524355657652,0.21893588601229286,0.6280044911772646
0.43972567730031187,2.033250034264496,-1.7705533182819453,-2.1245982296671317
1.2916872602893545,-0.07546257403676282,-0.6226959251143924,-0.4076301689824309
-0.5433916620862332,-0.723449039512772,-0.02112983017583589,-1.1146033102511794
-1.8675851361998093,-0.8356051197173908,-0.42015269828619084,0.3737836382355368
1.0430053172194855,1.3060421979662793,0.7075827157039354,1.7619808133385486
0.10589975258747944,1.8877885354305834,-1.3282661570960679,-0.4870835932833957
-0.38425551109593803,2.932500510990919,-0.4444597847066115,-1.086018144538372
-0.5251892543399698,2.0076893671143297,-0.490472318013559,0.930572530268369
-1.471711989692726,-1.2802246494135703,0.11520052120659362,0.6694214905040194
-0.28225227152388593,0.17343244711435715,0.34300986680222945,-0.5088748043879617
-1.3227400421725992,1.482915307368871,0.1961081005733042,1.0102739241348715
0.17331691017399276,-0.13387776754380482,0.017936911020464553,-0.8320900498673581
0.637368758285638,0.13071134302180068,-1.4285324829454047,-0.9652795333093196
0.2545468512171702,-0.21276418100128053,-0.33018284859009905,-1.9494012775853107
-0.39122364366204276,-1.5107642604262068,0.6045527872113842,0.9839379641821211
-0.6498723512716982,-0.06758233731593016,1.4300096662948285,0.39251798878740357
-0.7135617016834386,-0.8073993948023958,1.2588734434884032,2.370929946173663
0.6103341287375612,2.3654968458920056,-0.14551777328210913,0.8607053960447676
-0.6375610757181001,2.5922746525551816,1.4407416613074713,-1.5111581861537586
-0.6830158972633874,-0.37279523043858886,1.1901304205659926,-0.48249359522217705
1.9629236954032563,-0.385122400694229,-0.6925626206602619,0.40075313899297305
1.5261099491926051,-0.06052394820720855,-1.2768695865490236,-1.7915877213566986
1.2739213393698532,0.9408635580301056,-0.041169886675262,0.6352009944851881
0.04657250371983962,0.6928456396300611,0.29613714071594255,1.5199538637267316
-1.4735981456983391,0.7158769643049812,0.7699370976908912,0.19790967125280579
-0.15346640001244294,-1.728738344893017,0.5114966463200609,0.4757997314593416
2.314704493549812,-0.7108434450343544,-0.5293251560510335,0.4421579505830482
-0.6761378784486411,-1.4121059817328367,1.13116310576351,-1.3081830806697206
-0.17500395331322421,0.568265683320385,0.012019734447724584,1.2772182551187663
-0.4437394774072034,-0.21524095720198425,1.3608261704356757,0.5960203756583975
-0.34506264195385916,0.4296781766769566,-1.0923093134203505,0.980627213990483
-0.44447099721923033,-1.3247427276192247,-1.1151753861841303,0.9720099367927113
-0.028671785807447947,-0.6093557679210787,0.9261715849812631,-0.23429055988325978
0.5019427788532671,-1.1520131470032635,-1.1957909501356967,2.462360282544157
-0.9102055911649314,-1.3189456478181574,1.3543384151700044,0.3375884050470081
-0.33458148666828114,-2.7760639417775854,-0.10201493896787371,-0.14447002672579606
0.5685746684694082,-0.8223624093228731,-0.5675048885265581,-0.42062340011736266
-0.6067294425586893,-0.3453128436214765,0.06258023239972751,0.5684086658028638
-0.03390133546633756,-1.852570889784336,-0.4228126124478203,-0.7944016977520088
1.9287978821532132,-1.375414341274032,-1.4794888168494196,-0.6899612051018513
0.8548387692896753,0.1253031837866539,1.400455431701008,-0.7042771531290442
-1.1420732439942503,0.3306252745161354,1.9273496607230367,-2.197060390411269
0.5370086154972191,-0.14701601234297557,-2.1466573945827934,1.448125069503512
0.5413433076410816,0.7724617656399286,0.7978503261534475,1.0593192255634019
0.006809014497681176,-0.07937942039962065,1.4053227326099023,-0.8018002611516909
1.2890167493299054,0.5708133793052353,0.011822483881728518,0.14438948918474662
-0.46931344261764685,1.4838336887778656,0.2641821311258999,-0.5044410635707981
-0.5724748422489184,1.1063583218150637,-1.6138704983261982,-1.2292368379985783
-0.6018527271976367,0.4811729699283455,-0.37313464976777333,-0.13423262748200088
-1.3431027556181765,2.28189971729304,-0.41200341905025395,0.10760219808061822
-1.2706691150652547,-0.07881923717030298,0.34518550712977175,1.1199596306240063
2.4024309439616207,1.050559836804933,-0.38804400060565414,-0.9688683806012578
-1.0123430493869883,1.4315201808358484,-1.7341552187532858,1.2821474659175363
4.644355491742038,9.031823303921406,-4.938582086895851,-5.617950526565063
3.9065299095132726,-6.2704348099166225,-6.0873613775865,-7.493546106630797
-1.2541627228452787,-0.6572546837363356,0.436805715189706,-1.2948663078702023
-1.5307879962245639,-0.6297154637991145,0.19955823998078934,1.4302333471369233
-9.249906576231474,7.991857148403099,-2.119974522897099,-4.55720749157458
-5.135537532643786,2.2846281962533492,-9.961052607625911,-2.7139860149357187
0.9282710636043929,-1.0824410395308497,-0.15112830600785832,-1.6999579045539068
-0.5456646490527549,-1.019893762324386,0.8267827225488787,-1.468464478091354
1.296531500328491,-1.8163067489459408,-0.38201725020011623,-0.18995505961705128
-0.9015660601473198,0.17920663329912667,0.14597420874764966,0.6598888711060102
-2.1413802070221006,-0.0442155281457578,0.5246147201625131,1.3772177421790865
-1.2859407624904415,-0.019372318487124562,-1.525580162415833,-1.2107562466251438
1.4930976067278077,-1.591412948179218,-1.65481860035402,-0.07799561350364559
1.0686802209870958,-0.46868249791383226,-0.3779023561651251,0.9397546216621837
0.6467380737713767,0.6277677072294974,0.5261122792990458,1.5052294064283736
0.6951305598392566,-0.23322028142729453,0.08180091714431231,-0.33705878513082727
-0.3351757454449158,0.2984653390565203,-0.020658701890009706,0.0684556934210312
0.7323192182545534,-1.8660325089557903,-0.3633323865593787,-0.24658532827902546
-1.1534388562008657,-0.030702319055773766,-2.2490957675437335,-0.1298286784569569
2.3877270577050203,0.29049900170867726,0.2626347197651506,0.5026287154543636
0.28289577930214027,0.44461680219682637,0.9113808190157191,0.20820661040680027
-0.0506742867169675,0.7956600049831759,2.0620444057474647,1.319205252777569
0.2015989736548091,0.048583849567480186,-0.19215430197074818,0.49671902433782256
0.39469985052501283,-0.4050615434581244,0.09604490747146105,2.614328022974812
1.0273897066668685,2.6941990981653046,7.132238213802651,-7.005700401622724
-1.6647358177091536,0.2253569247358976,-1.989009172883644,-0.09533275684511677
-1.303465897363605,0.11851042287567992,-1.3696557971052266,1.2015745233129176
0.8357831242269541,-2.0927433738757353,-2.0441835829614092,0.3478025523312891
0.9019409313489957,-0.976519733856875,-0.004244451940838029,0.1354315408162431
-2.027204188383507,-0.9788385002543819,0.2517171410121647,0.06856975880994257
-0.49258464674923647,0.9157966720515748,-1.7265542333793749,0.4251758160424422
-3.593671035001236,-5.459948145146094,-0.6859800996902052,7.025981695994872
-0.6169643720390017,0.012085144504941955,1.6675185271317146,-1.005919404320338
-1.501169814826313,1.1355041015601164,-0.23303388925945911,1.2641407428909863
0.8071393964328724,1.7350950470597115,-0.5136525000702448,-0.8618745914350627
-0.8176033849080958,1.9593480051779362,0.7967998478102956,0.6379273206303862
0.09240547487050144,1.2267318140911039,0.2248084557569947,-1.4062786798740503
0.37441257299889863,1.5176830813846887,-0.5430973112988989,0.19241808249575593
0.6589253004886337,0.03448229295111743,-1.5937502361209503,0.5780748704377351
1.8077231206322844,0.20984643925946467,-0.6744136082378592,-1.0468654619736255
-0.22679316038240255,-2.7376378601887232,-1.3118010203318056,-1.191018179354867
0.15728210567331474,-0.9480720484816314,-0.8912818940391706,-0.6232478874169036
-1.1588019227360093,0.6270259037827842,-2.0695712711569807,-2.156009466430328
1.405640428519411,-1.0857292972713435,0.5388049737140599,1.5365974444775143
-1.4903131648391137,-0.8979477149911702,1.5820496432179825,-1.7867799536341364
-0.746891282548242,2.3447913266240286,0.03434064018781989,0.47334269393059125
-0.15503251163702103,-0.3361484465874721,0.6836675171197767,0.801215552783763
-0.10397628247954985,0.33805967015458377,0.115466492224513,0.32131960391817516
-0.9009718850514776,-2.151674656028489,-0.11555065681291465,-0.1632300909921528
3.617660783960286,4.256323326767555,3.4886504429950804,-8.331789768576282
-0.6948550999547715,-2.5356895317789494,2.452361796888645,1.3916821335592353
-0.43121079700680365,0.452132142020999,0.5118160268393083,1.4702716598486452
-0.8397069867260099,-0.4409568428303524,-1.1760186702415012,-1.2600107710984159
-0.8315985393183336,1.2023686495000603,0.43267131650551915,-1.3009375452477538
1.0904217750076763,-1.0839734551832878,-1.0568237916335068,-0.1504706962136943
-0.9382595846196611,-1.847892351559295,-0.33044920026133123,-1.1309150215063895
-0.23473017224620532,-0.5571076042168511,0.5714804900079401,-0.34096083989864867
-1.6768257267536164,0.02994056787722333,1.3058308189644243,1.3359368455720302
0.8515366262468961,-1.6182820474005186,-1.0400709711943181,-0.2266856092895142
1.0463395235733803,0.04159222577579397,0.06123914055135249,1.6797009004812045
0.13673650481799124,-2.019430043439613,2.203657312274697,-0.6194678272310872
-2.6480175618211037,-0.029080619854739087,-2.45361934371583,1.7605734163646376
-1.5552639424271841,0.9958903084893939,1.1783150525756663,-2.6023067777511097
2.5915717670414216,0.4038632842737433,-0.9488300167808824,1.8337057799505905
0.5397777880859949,1.362084920632403,-0.34720323321082197,0.4043156055676855
-0.5351869314544391,0.6233383108005375,-0.07851349290154974,-0.6093012057725303
1.5333143395387134,1.0350759895365194,-0.8508582707366247,0.4867822806092699
7.234235124869972,0.36126511937701977,-6.3969712259981115,4.525387022865795
1.1260070891313432,2.170038597295555,0.6625863696822405,0.7611847631996276
-1.9387577226114083,-0.4804055181086383,-0.649874898428286,-0.3897546127998247
-1.148309947875471,0.3032875351137582,-0.29501080323124557,-0.9075085963658636
-0.3197232268673921,2.4178900591575134,1.8874736275449517,-1.035139976687467
2.013169324655987,0.35276554462241894,1.6400448479973284,0.7941265204425001
-0.28735916025883346,0.21878716576217866,0.8294685339010128,-0.011878698120974751
0.21170389089357963,1.0826871047001279,1.0201742769957822,-0.868102641840146
1.6059166352240581,-2.4508106524211115,1.8365805658452434,-0.49907705520814877
-0.48434085674668825,1.4989608677448036,-0.7369624532189605,-0.9013913591725028
-0.7884128077713795,-1.0744243580344521,-0.7862789820950973,-1.766921833970033
0.4346970020701131,-0.5628525476501759,1.779374771427654,-1.7129781222549707
-0.7288443640606392,-1.050579323337638,0.6462002755348031,0.08346196992811722
-0.4835286628304226,1.1489123592686803,-0.6161110275044845,0.32611616536411325
-1.362811682878922,-1.1236110408941946,-0.7726026171292185,-0.5613854907007252
0.3082018270261257,1.2826619873580414,1.1064574227343285,-0.06308524794640363
-1.7516362863404311,0.3225542720981196,-0.668016522438931,0.7001562962641864
0.9669204847717714,0.5714222278465736,-0.93289080637767,1.3985528524562345
0.9297182223647198,-1.2619775128954718,-8.819560392932592,-7.9135885603700284
-0.29642266463878963,0.3308371480067251,0.042843614113892814,-1.1248650658818793
-0.7991408392031824,0.6809561485480816,-0.846458886128837,-0.004698118494616876
-0.8093675502578033,-0.34028486588700213,0.020079164020211038,-0.2449232492104479
-2.448997866218741,0.3699152516593929,-0.31230431920333357,-0.5932388951476907
0.9064431923848402,-0.7451854243693239,1.7976384770143334,-0.2108134509215258
0.32812573982907595,-0.0632546897488819,-0.12252862216673782,1.5570178339274756
-9.519180560367843,-8.965429798423143,-5.855446797182906,-0.39234825319492117
0.2151325009268774,-0.46084788388413206,2.2512058139166147,-1.731505923506743
2.47616248181737,1.1290679599540563,0.6119319935448992,-1.7138253543219957
-2.81717397164086,1.1261110813735173,-0.6039356127169673,-2.592413842399404
0.03741937201380613,-0.08629445093502064,-0.060130812025179975,1.2363198516552758
1.575436333630914,0.28248702609655174,-1.015456747482225,-0.9727013576017213
0.10369405588812908,-2.1866313687111676,2.089418375076971,1.5404674564900005
0.2885305552801574,1.072451740414022,0.06780288908693,0.142002458717138
-1.5997032438301955,0.258697324248504,0.11158397973588785,1.0932371256392792
1.0571179146054024,-0.6410074854191549,-0.638047155572981,0.26714224616580023
2.710177484401902,-1.3790799930031639,-1.0715015644796106,0.5529650254038148
-0.021690148663676745,-1.8439200021208084,0.21188849425633077,1.5702084293082825
0.24334708493828572,1.8509966403396305,-1.0389607483415841,-0.7707599623931245
1.738272393481181,-2.326406852198232,-0.051264249987669305,0.13237663223453583
-2.2023674739612886,-0.09858050000807408,1.2447551808650092,-0.6779745719325649
0.07517007404690026,-0.6170840264998299,-0.629334921413025,0.7414701567554174
-2.793461092775845,-1.148074517381378,0.5017136782945297,1.3399725592624723
2.405631815102976,-0.4914662014723146,2.017937232424536,0.46033709396430245
2.0175021539214892,-0.5188354238586326,-1.6187454521805023,-0.6095545863762697
-0.0244538303460633,0.4938083435779855,0.5268063560382857,-2.4005927370327207
0.2261157360354318,-1.5127526338174375,-0.30976624793079083,-1.9443919997822547
1.5791087112866287,-0.05124757629267768,1.3659273979493112,-0.0699267512713753
0.11034641657129907,0.8840369779656067,0.6797154464685988,-0.6036799217202222
1.3852571375506628,-0.31478213848577363,2.29981491211194,0.0020519398796098876
1.9613522356599986,-0.032406424779550635,0.01710292341464459,-0.34596709387043356
0.39573883168198987,-0.40513900965919664,-1.3761685112931477,-1.789822102365108
1.145176592382581,1.1125602431691561,-1.085212355184605,0.5210349439359933
0.9257931529455856,0.47463112530668405,0.9881057811683298,0.03205407143426567
-1.0940172862978903,-1.4165466718566229,0.150476125622983,1.1697513665186399
0.956967853885975,0.4215058410129117,-0.6186855170514437,0.9428932315202861
-0.27288924871758274,-0.17585270684645138,-0.6045739411917782,0.7407061687391894
1.629828208861892,1.1172604514010316,2.070173227533267,1.2996602545595137
0.2691449444157117,0.8146601979038852,-0.20067476135900086,0.4504870417144846
-1.0105732094687543,1.596534223982495,1.350221893278775,0.41369192779439584
-1.0359795147143878,-0.20111603046523135,-0.10964317246615918,1.9899746616289768
2.054281401492075,0.2378396469372014,-1.3704756286657398,-3.204840629454701
-0.19920628314570787,-1.0354312604116858,-0.977060523344992,-0.6406349530838056
5.61870422261048,-6.621651553254244,-1.8671734279176633,4.207530149022629
9.082408540706915,-2.0151686220479252,-3.363182981559019,9.702735653863815
-0.38484302441805773,-0.54360631449145,-0.9619434477643367,-0.36847678103644366
-0.6238324860485599,-0.7658810450412372,-1.5700545999568394,-0.5821952955512646
-0.6105196250988123,-1.1898048136069428,-1.5951399308248748,0.5787285932878868
0.20298654488256518,-0.06699902325844337,-0.10542751333242428,1.3760014043533917
1.0768055922345818,-0.12531775773263326,-1.3167553158483192,0.33477207431486133
0.4223461638032374,-0.6281796506592741,0.1332053115305206,-1.1866173391227959
-1.1747252355592055,-0.7336082771447374,0.8060155799445372,-0.03612880033660559
0.5912415056050044,-0.3684685763651899,-0.4482597293506605,2.194786446963537
-2.402975073603477,0.8282572715836573,1.8280032979833185,0.9323239829696266
-0.03455574925475846,0.40202381227926604,-0.633860708910212,-1.0395112743479382
-0.760987156374186,0.7026660049678484,-0.7453815653725123,-0.9089857098312064
-0.6253608219619771,0.300415313104043,0.04823333802841723,0.4543480376400397
0.7561006860925321,0.15063689275437964,0.06190444068232499,0.611857614960508
0.3937661246770211,-0.8534296061065488,-0.971462942703418,-2.3834613369625677
-1.1377845189915545,-0.7845953335240491,-1.4380968939450922,2.361509536517442
0.9282741477385263,1.0636418388777413,-1.4717109944521098,-0.271548204808701
=======
0.4298275220746135,0.3859621525011122,1.1984530510128688,1.5904059486143107
1.2135892837595617,0.9141498567699171,0.8002320483113052,1.7754562482524965
0.8273350083779862,1.058837497515789,0.7632051558952793,-0.48797903994317804
-0.607557788883086,-1.1917312789646002,-0.022117189999016962,-0.7345374633071535
1.3942049071220564,-0.7227124704552235,2.6810840009903023,2.4985667050174296
-2.0874867665280985,-0.43928819347125336,-0.42331083817249276,-0.41037403894834634
1.6766202705328919,-0.8860548386940287,-1.240244307062376,0.016648973569764025
3.2092437020440694,0.21308355420255598,-2.179512030014954,-0.13968973034223892
-0.8999624943004279,0.9766785368064548,2.0246925046069384,-0.1583638812331245
-0.6281749812214712,0.47893098541732826,-0.6908691586662836,-1.2334370166096769
-0.17355448508318866,-0.9180379828203156,-1.9257394669008925,-0.3999929480311611
0.983613927362541,-0.42641754465086235,1.9507358019404395,-1.8545324986004907
-0.7622738426327711,-2.900092435527101,-0.8378475183035525,0.47189396185142857
1.398185126757216,-0.6975694947316313,-6.877093343360268,-4.400581857714605
-1.0878622473121553,0.21316109358235724,-1.826191552237486,-0.07028217138507281
-1.837117150515122,-0.5593321141435424,-0.8773567963742563,-0.7848483221143344
0.24440905543681152,0.6081628269281594,1.151235760156188,-0.6263662900672273
0.41498455541287615,0.5668271735080678,-0.32823064439354177,0.5368549863121036
-0.4767494463918225,0.26941256859540835,-0.9000495144601648,-0.20122143267430354
0.9184872251093243,0.5075625884067997,-0.48680024981842507,-0.5358939367710209
1.8316341097141904,-1.2793609619595583,-0.7329344123112898,0.1976295389873317
0.9526707381164229,0.18644378108080778,0.016130951173534747,0.6607267362941216
-0.668367360141982,-0.6031655011821717,1.9014950725336504,1.6402689778479813
0.6760147439077453,-1.100350733270717,-1.6263800967039368,0.7407617576902501
-0.5114568354610698,-0.06545711128824314,-1.048810896416539,-0.40197729513634645
-0.25717405997541665,0.7026154781122688,1.3720901846634088,2.308885646948692
-0.60788376847454,2.109548094468818,0.7423270930961318,-1.4978770537782444
-0.40713112988189537,-1.5343446660361928,-0.48943172193629303,0.1328704209726737
1.2635063997913125,0.8262584219168518,-0.7290161673368656,-0.6153348453990239
1.149086667625471,0.9004026391955778,0.9225120776440265,-0.2483955808289611
-0.9890869572010392,-0.15911476161788252,-1.963015383340729,0.16992934459497844
0.5379983445479082,2.4812851183586044,-0.8273948620512898,2.5022379660006706
0.592919314105791,-0.4004824177086438,1.1835185940602013,0.248592165736561
0.5842515797088504,-0.2976501997184186,-0.5376739259116743,0.5941205805425919
-0.13260572212503594,-0.4415916004577207,-0.43792423055397994,1.1906384599099185
-1.1476962662600505,0.2377162165280935,0.3855009662542478,0.04787822648618059
0.497936504899567,-0.9847060551061514,1.317276442572101,0.7688912739706777
-0.21755594172691314,-1.0396951177532803,2.393969882964707,-0.5201253222685995
-0.8772983548715751,-0.8631740049189873,-2.387978028407902,0.5971116002337884
0.7659452889690215,-0.3888200791939284,0.008135557876211896,1.7539640066238
-1.1154188398554756,-0.14369737605047833,-0.13026487801466602,0.4053139108014078
-0.8249886819247088,-0.9742711832549412,0.7805881796043378,-0.20845904415425606
1.2072422990989786,0.09420929422792423,-0.39014650406782125,-2.0754127082425873
0.4768104668665103,1.4695868864955441,-0.11433886128792661,-0.8638634347631609
-0.3716203483306767,-0.1994645735425882,1.453961170781413,-0.1568108175136978
-0.8161955570675418,0.9514136733003129,-1.7485579419226682,-0.21242564656451524
-0.8775347140546309,-0.5534465771149595,-2.4288194051249246,0.21452632837267854
0.07991958214807837,0.7254545953456062,-2.1885291205930124,-0.019400864736697415
-0.994629132692948,-1.578756001618068,1.963077873205255,-1.6993753126477915
0.006110037350142594,-0.45346888802112656,0.03625189044517185,2.151186214817399
2.1478242740371383,-1.828500125245609,-0.7234363787158481,-1.3906196993224442
-1.0126595402736296,-1.0742624901417073,-1.8888645317192108,-0.1561311768342063
-0.47454183771381325,0.18225749930690127,0.47258330490068146,-0.9279326188686309
0.6584179199815932,0.35947173307725017,1.8129639018856443,-1.5676375771433757
-0.8127653374170993,-2.7843262944163856,-0.896921614405545,-0.18966649561018592
-1.9327406513230625,0.5017205377279628,-0.5120693711645539,-1.1932920652299048
-0.44424859669746564,-0.6420583429924956,-0.3700185613993672,1.1287303371041038
-0.6547463360364189,-0.6287090198775732,-1.7090752061761765,-0.4717829936132619
0.08640652577410701,0.9916292025235455,-0.773535885127155,1.7012531988186756
1.4025473877131596,-0.3878858087908152,-0.183991116708264,0.9725315942875696
6.552227972182973,1.1449266909711557,-6.727078831449442,-6.446596822799622
-0.04978885640460788,-1.0755787779048054,-0.2699778962812085,0.4885719132510111
0.7531747727698257,0.7108508044091134,-0.005217200299688918,1.256937535143978
0.762886992975691,0.6637342053673502,1.606292067147286,-0.6973916137423983
0.9773390139541451,-1.4773930887001536,0.47728977170395437,-0.8265487625130608
-0.43132957124427973,1.2342497273502633,0.6054490893106266,-1.486025358344025
-2.021946856395463,-2.3580742442178884,0.10274303233863746,0.6005828071167962
2.215758030272179,-1.4861662599382943,-0.11875945417497985,-0.7793400975428791
-0.6829528275191101,1.0177627703872327,1.5313026852848395,-0.36208139160789843
0.6911715568320645,1.1669299801281001,-0.6954520770028572,1.5881053555068174
-1.5280083069828365,-0.6758882805981159,1.627374523873906,-0.9358162412222449
0.7333513054255005,-1.2277402989301491,0.5115267935570105,0.25001666424667324
-0.7675139291577049,0.29352118620905154,1.2805428703013875,1.4188693068452414
-1.7631800689724089,0.27558161579583995,0.9435362229211888,0.8289268497393855
2.1201955684206983,0.7416618696891212,0.6195821050000043,-1.5819109545074712
2.0702387610693274,-0.8853830855906855,-1.5070500671950189,-0.8126202110473069
0.9235319154053656,0.5086609932044275,1.338006528832832,-0.0686506110600007
0.15316844701893848,-1.3569949411791267,-0.2377348168677186,-2.0070780588564756
0.35744277025916366,-0.24792565673036226,1.1804978357702645,-0.48050366257839905
-0.7353534742382694,0.5163807072139582,-2.0144174310372054,-0.5216333411786703
-0.026370438256531306,-1.5514616710240474,0.2621239737450096,0.8065332788051239
1.5051595739253578,-0.03022279470556699,0.32484750644948585,1.1318600385599773
1.3521183997675337,2.056615548438573,-0.9319523876658258,-0.335569901905306
-0.2133856938390232,0.5305024135283443,-0.6925382943341001,0.8121716692694078
-0.38014511267508977,0.16795373249073725,0.6852699357026484,0.5421690152075497
-0.44022083505681525,-1.0001532793274106,-0.7581541879570963,0.38830834053570396
-1.3723802383470738,1.8818632291290875,0.384249099056931,1.6100339863127995
-0.4114003486014299,0.7861040869295512,0.8119364798970372,-1.4636965010925262
-1.161872657345719,0.16534556292975167,-1.093962336006521,0.41358277442347013
-2.80019450285454,-0.9546192239628823,1.037741320824985,-0.44750538460380396
-0.2226321582094961,-0.6532371590021729,0.21095160917997252,-1.7072576928156589
0.8931752749414007,-0.0832754524974545,-0.1857513018998959,0.8014458423708193
-0.6422010551364434,-1.3886435882279005,-0.6263918582377118,1.8221154049611834
0.783280621951768,-0.6480618372570779,0.2893143283410592,0.16811150966841315
-0.7667922477115101,-0.8381830680796211,-2.69814954279932,1.1787487762334128
-0.024652711026659613,-1.18328972325892,1.65577276407982,-1.1880715626966574
0.9903927178636992,-0.3931880375614198,-0.923285428598402,0.7597492536746571
-0.249465562099198,0.01270393888296581,0.7712006106182681,0.980544119473125
-0.1715919420716897,0.3566807487207872,0.08954277689376683,-1.425571859516201
1.0960390101105593,0.7525490217939091,-0.3548251830723684,0.35007732807293673
-0.6444155852194344,-0.5673040000245735,1.4034760686954786,0.7480488359558299
-0.07136166170165159,0.2186215319980833,-0.5170215674095552,-0.6971480685012476
2.3764875844607922,0.633520162227692,-0.6287661137765513,-0.4735693139613922
-0.8202064808364485,-0.026303655111537608,-0.19349494518237972,-1.4264014939056935
0.9379559332868391,-2.2800194947403107,0.08069500155845932,0.4230513092342921
1.1147823644578976,-1.1190243370302548,0.6412151806090849,-0.3436434927008067
0.8642415051485108,-1.5651744625504238,-1.3330364540921527,-0.33905876264066814
-0.6897406905567937,-0.03275113409972835,0.40457236804372976,1.8535205591588488
0.11987864816108529,-1.280802046933402,-1.5406005262969773,0.8743664139804003
-0.2009681568860483,0.4022115083374905,0.5768744153962512,-0.9925751448934245
0.2491720952519082,0.31359505219058387,1.0584545557339045,-0.4680764611689564
-0.8615981726202914,-0.2615263730150338,-0.8897276966668637,0.029267911190782286
-1.5631588553655416,-0.3871878623563251,0.8147229095079088,0.7127452846835879
-0.6584822352246326,-0.14257704771039842,0.8948902627922082,0.9402357202914717
-1.359926457405123,-2.550156931376445,1.6544285280594695,0.6646850053107997
1.171284060457233,0.7348904233277759,0.0477731147238733,1.687123395554994
1.6161123688954349,-0.7014222105364875,0.509533167183429,-1.5683567811866568
-0.03038763701813295,0.7176810691394795,-0.04171974754753713,1.0057736382523708
-0.5127748663536112,0.6286095581847841,0.930195635002332,0.107205032467232
-0.7293798072717848,-0.15835300608181002,-0.23819641578483292,-2.2739537188137167
0.35264663826582393,-1.5870319417955683,-0.08835831566609167,-0.4067054247905767
-0.6948870160420956,-2.332399520984786,-0.13221949686642764,-1.6101605012211566
1.864406022054837,-2.3665294757726167,1.2983195934516356,-0.8544269325357849
0.3732969386388535,0.6313965987084116,-0.05867229985343492,-1.8424965413479466
-1.2551636205925147,-1.6027219946316118,1.1190397363203182,-1.0398254036462076
0.3595063388707349,0.720796969778627,-0.259275897857225,-1.4142065424318833
1.0100933306129196,0.9101151180280265,-0.7274450044188365,-1.240394764400569
-1.3509474952102785,-1.743264029119882,-0.020783017951900698,2.2241277743424708
2.185584568225538,-0.21589762869311235,-0.6369390049397655,-0.6921405046906567
-0.4587110711792177,0.16515215986492182,-2.2464055435222123,0.1481095364268774
-1.8449169108162398,0.41404666394352724,-0.3426461705331788,-1.4446603477365967
-0.1778417335288457,2.9369953282137353,-0.2927799898325344,0.4585147992223587
-0.10876604345013019,-0.7488662229492709,-0.7781742568290199,0.08622290277961486
-2.0222025094794405,1.1422858371977465,1.4916216276338754,0.23011353301083126
0.18139059407163505,-0.9314009059991953,-1.5415140226123096,0.40324071086953023
8.472514645628578,-3.907377095312892,9.605179813654242,-7.622750319537992
0.8431838637059528,0.5430006693907488,-0.6192612990883484,1.0933631464469853
0.5011244796534802,-0.3731848000384094,1.4735756562362536,0.20116086486755408
-0.691179082297379,-0.1300217629077164,-0.16598784578710812,-1.109780920963026
-0.6803916621064772,-0.3172506730733252,-1.4929659532868407,1.362865561235721
0.07185856583262884,-1.3145956719143161,1.9625582351341215,0.6777752485933889
1.0059574731962453,-1.0993125492219358,-0.22322608507529984,0.16725939163124554
-0.8710341380735243,0.7322518710163737,-0.5180069085007633,0.93405542005016
-0.1955811518307759,2.050768204713512,0.026033973640695873,-1.1908238151778203
-1.0470102277124358,0.5370176247187578,-0.6443146210327219,-0.3155740520191249
0.013645963011653106,0.22703674059430304,-1.2916217067241431,0.098848726450489
0.43762582977789305,0.5191359368371791,-0.3520178219977214,-0.06087534070877049
1.1852291460582818,1.3692338591162962,1.6736744842179005,0.06584663263761148
2.215164518030096,1.1186964142172278,-1.1942542781333476,0.5517672934974728
-2.016403026091995,-1.5594289330264808,-0.48577640217747875,0.8178612217530807
1.497783006868638,-0.6428373027781237,-2.2998377293451258,-0.7512695399900394
1.1981072008856215,-0.881040917679264,0.3387442349506803,0.743816359103238
-1.2729008540087943,1.6074149558094848,-1.2882577995505495,-1.066150680512414
-1.1632401486364479,-1.0823980837091551,0.6040134869355069,0.6683059616809583
0.7562669615548459,-0.9774882054355165,0.7947345030439332,0.7495881392653343
0.8529725169779212,-0.9276124488959172,0.9754440573920338,-1.0686989365744068
-0.6785049750820845,0.4673936022829495,0.7220671766204337,1.8152333360259867
-0.15616324265824158,-0.2751985764889603,-0.3561380110836415,-0.27877529949729124
-0.05682655657566158,0.3994291769303103,0.04146606164052946,0.10894845392638391
2.3187423088451076,1.8482831937593498,0.22756519981626103,-0.6475394038249884
1.7245093581649606,-1.116898405911546,-1.4134169168785853,-0.27435588368875896
-0.21743126136468416,-0.23801476616973993,-1.0419649980420953,0.045363856359646154
-5.048600902186637,-2.7391001926984337,9.289145298429439,4.1110836839132965
-1.25818546004674,0.18165922141495555,1.1465740512986928,0.29907402461578764
-1.316274813574293,0.7185718694062282,0.9867776955400602,-0.5205017644259909
-1.4407377949508333,1.15200770437889,-0.7427270120411447,-2.3915613677905907
-0.529586498319197,1.0757739953508314,0.12402356127515428,1.3522718486269794
1.805410306062659,-1.548264259836985,0.05118230312822383,0.8385927176557583
2.311319734157761,-0.7190034940057561,0.7217642351925473,0.4142656476768767
-1.8389039732995363,-1.1042135273492115,-0.02682008386443624,-0.9574861839533249
-1.9524375978370667,1.5810495401384652,1.4424788514022313,1.4221204934022187
1.914604503292665,1.6790203878893473,-0.04317596631881271,-0.42472315836420627
-1.1009211111697832,1.0987881100011085,-2.478147651907519,1.874595073638977
-0.09622890238619836,1.4738087927316728,-1.30366516806675,1.087514271660803
2.8582437328872543,1.444614173125435,0.2444634825418609,-0.18839023013551437
2.1268424298310924,-1.6734598763250814,1.0286730980027297,-1.2575364516673206
1.037037810659289,0.07196567919650593,1.9687149060037383,2.0144202557429733
2.2658535462705163,-1.7115486187701752,0.18599064293179857,-0.1382640782835537
0.056573609237244304,-2.2754629356269644,-1.5964316409727473,-2.8942892912667513
-2.4244565991802465,1.616997524576701,1.309135283613827,0.6202967325610169
0.13438861026728388,0.6707642281559079,1.0851603241860612,-0.5018250884580645
3.682467648001495,8.074423612071648,9.543134737432048,8.252993078933038
0.32512368282866627,2.486932571393802,1.219928174490419,-0.7193746200367283
-0.8270127920271424,0.4643144063999126,0.7068455664446853,-0.4502191371528937
0.7230746982386352,0.003210187090157718,-0.25140221991023676,0.7537145021223722
0.8768943308616002,-0.8159626513554438,-0.9882936082679558,0.08035288228474968
2.549583215605447,1.3520778750740234,1.484397864987299,0.7035767429840958
0.5424032224595203,-1.224610245448799,-1.9895739320572041,0.8376925358424937
1.741395448916189,1.1304997015461318,-2.557624965773292,2.234677698288429
-1.0768716498471307,-0.43253498958463227,0.5464877029396746,-0.6817188348972799
-0.7580818755206039,0.7315336048813857,0.6622601698555782,1.6933024891635207
0.6428695248798572,-1.2985509858659838,0.5192392260968501,1.0561369285114193
0.37038752572704997,0.6050615343388057,-1.1766890375793602,-0.5367568512323907
-0.36041405615254074,2.014669171660933,-0.30130692961932176,-1.616598889060894
-0.8306305824828801,-0.7054128775112012,-0.01205940608877265,1.9845837011879761
0.06297750990597756,1.5239147582582795,-0.6470994078825467,0.48414629871661224
1.6016803127173587,0.14241879745990024,0.18164163162738253,0.45469113164081765
0.12930491351230666,2.0464854367468917,0.7150730969177648,-2.8603102198948265
-2.3007894923467718,0.25437650124233513,1.6665699757137986,-2.311117494630033
0.21908003707155166,-0.19304725613794824,0.29795108158657396,0.14207339878013098
2.094270472370788,-0.9322559727039404,0.8637483222126592,2.505780123471698
0.54039981367239,0.7742710742189565,1.1934460374367235,-1.6597721782255674
0.2696290903278964,1.4854954157467297,0.5824333654539118,0.2555033168100717
-0.6755202638437198,0.2534444924382265,0.8393010624005433,-0.8788750159726026
-0.828448904460862,-1.3542471285716475,-0.5227273179010141,-0.10326304362549354
-2.7349048568653447,1.362480045861517,-0.6204234865782148,-1.562863384333087
-2.3546813781581206,-0.9394684600667532,0.41814139381577364,-1.3778139695574532
-1.4807564371012196,-0.5806804740028428,1.2656542675665756,-0.15457453687282924
-1.6222583676570532,-2.3147648790077797,-1.2887963514799332,-1.6484299137906377
0.8394534441371397,-1.4626009563213254,0.8895910730974235,-0.0968892692064634
0.41974682390008133,-1.521362277198691,1.2110616666392227,0.5717416769774264
-9.6601968457554,9.361876839350845,6.822912383612522,3.174119309772376
1.1174614690187885,0.24589089466618425,-0.471881624620408,1.5743477945928586
1.4772856259778258,-0.6929390030349316,-1.4084927831815692,-0.6524116921327056
-1.0891024899382902,0.17753279527129634,-0.08769734228283382,-0.7964561916365415
0.4773583118546608,-1.4265713950444878,-1.4747089952199668,-0.3878643258665028
0.6713463928178399,0.10836810985595223,-0.4460313931525778,0.3119039156108444
0.702766854954337,-1.1783602069930208,-0.26815963313843527,0.09196192358445898
0.2872877562514338,-2.2333253060341915,1.0150261575713309,0.7956604099272337
0.8130415467460306,-1.2140388651938636,0.5398813594888987,0.09623855137033463
0.7527419315902845,-0.66602384216059,-0.9735855390439343,0.760697861315605
-0.5783987915524764,0.804834046769319,2.105345225405439,1.6856039458692331
0.08757143013943469,-1.982694072457732,1.408569710150113,0.5643734260912276
-0.5975784633116558,-0.9315518281809094,-0.8730974855780587,-2.148353743470485
-0.7655760508971056,1.925008846102209,-1.6678729945181998,-0.9661049844372335
0.21898515879298608,0.47269745479395464,-0.0844478651222772,-1.915514316771091
-0.6579770824841418,-0.5190546104186702,-0.565902375116333,0.21280020750004655
-0.37805038894685483,-0.6208164672255831,-1.506391622100086,-1.3473226757985561
-6.142393423281176,-5.6704985424416465,-5.514128562257994,1.1174918271870347
-0.30467279737974806,5.269475921451267,8.19306234759378,-1.9065851607710798
-0.2020288621524468,1.254517416919438,0.2556792917439695,-0.6969211364772849
-0.31795240284048965,1.2423313536980463,-1.051104167685877,0.20034824199806506
-1.0787591695781857,-1.5204605062636682,-0.458334282354847,-0.3692757376367677
-0.3267210011631688,-0.34724452936802974,0.5018543040207774,1.6213924394878725
-0.46365027886890725,0.5559388820536831,-0.013828511469300642,0.4360740509888497
-0.25221564629897164,0.30538493220382157,-0.13643959015196716,-0.31284456655439835
-0.7088562958104014,-0.5177799384320136,-0.5808691365967921,-0.3540042273376308
0.6383665436874351,-0.29541349060477756,-1.1674399508305857,1.1427994746516958
2.0999122454876176,-0.6493622121355134,-0.7341633311957099,0.9358453605829478
-1.337362529434554,1.0681041085589997,0.031135726350117177,-0.7157734831872837
2.784639449947714,-0.38829000494005456,-0.2612497327738601,1.7546324316824242
-0.6468822014044018,0.8385121624452029,1.0500484128705738,1.302611343360674
0.3312951669070518,-0.5251632225606169,-0.5261431914196226,-0.14305868489287116
-0.8916002545870996,-0.23489075871137283,2.5209061373779096,0.6764931344516188
-0.8619783081599655,0.6962122469046633,0.5312822633249283,0.06200320946569171
-0.21422025391404767,0.8026900363149592,2.229612701001049,0.35504776435536806
-0.44924521099897075,-2.2822680112990663,-1.9254487166272671,-0.6467943218585677
4.399019614839357,-0.37426937584749,6.595060432764413,8.5919429976278
-0.07123313952562843,0.34902384533463643,1.4019429961668723,-1.0351350361056393
0.2634395773583817,-1.438927967192513,-1.4546045687138887,-0.8464565747646962
-0.12320830183475791,-1.8012549839815302,1.2296324185319139,-0.45638889080511974
-0.6164212331218766,-0.16672057442566945,-0.2189094163677038,-0.9039645044917206
-0.45934207205101846,-0.29214717431163983,0.9128841314426654,-0.5460157755077951
0.44770892812555946,-0.6794601852603928,-0.791001049109667,1.5227986002394687
0.998423680852379,-0.5085427172335605,0.9490773124976153,-0.08992841723665523
2.0148996759380733,-0.5882986631383736,0.42043445038273347,-1.029284740456972
0.7140697230298308,1.2730332855763569,-2.784058568619917,0.17596986629553943
0.11236953451055953,-0.1208492966348455,0.5016416015268419,-0.5582000026568207
-1.7610165811515426,0.1337047258005381,0.5497383413869779,0.3481622595976114
-0.2917811193711514,0.9312359169036974,0.16284514067617145,-0.02469081217305813
-0.3382898190025663,-1.1327851689078565,0.9421672597913275,0.05164645494326488
0.4427501195196913,0.6940232755176826,1.4185496721363786,0.3402836609159642
-0.38395464232270404,-1.3212290079629012,-0.7932912437487822,0.37930430776995516
-0.3246479717377772,0.28886596304535866,0.6122412341909969,0.2819457576611275
1.4248149569147464,0.6520377209575734,0.208765307808996,0.5164158533219156
2.1247825011639394,-1.7216237353615496,1.9597316594214593,0.035585698338581384
2.7024094158019993,-1.5650537184966846,-0.3516757381103942,-0.49288705536139077
0.44863118523129963,-1.9433816024331132,0.8864266531133471,-0.43611768359145486
1.2792695202861686,-0.2869326068034133,1.486130004162594,1.4727093992865592
-1.298095884817564,0.5720621542480506,0.09928083232533869,-0.12799940067453192
0.15398453512434268,-0.13061887743977654,-0.41276439492264433,0.7177104435772357
-0.1278160469045677,-0.6789157460786464,0.5850353939998756,-1.9053705957340432
0.32087227873363433,-0.4399158450850523,-0.987496221716832,0.3893640341997871
0.2654572845478287,-2.009738195350063,-0.02625639274648488,-0.3479280238055653
1.8384157372238763,0.23492388693885663,-0.7634993573665874,-2.991376414812474
-0.9933804256614169,0.46193848988597275,0.1418240180418221,-0.18349189440684954
-0.012774378693705124,-0.21207003151698844,-1.0350041054756245,0.7912852972992863
-2.40471726725439,-2.2299575638928912,1.7021228205310384,0.49063046399623855
-0.015425135935880532,0.30047325605068903,-0.10089540920693213,-1.4240249140307555
-0.5372684725949715,1.1591634926196837,-0.5531170625885612,1.835285524469547
-1.6226397553757743,-0.8038495896148947,-0.5594427525783326,-1.4626253774161146
-8.320550989791588,-3.713917215697684,7.852898868027996,-4.339294812819883
6.082123317820297,-5.893698827705174,5.097157359948001,3.3010713145097057
-0.8554431459470904,1.1600280605989903,-0.5213966491402331,0.9375850280092592
-1.4675764561355573,-0.020137180639051788,0.21030068826724296,-1.1463969459852124
-0.15589198598745357,1.0561266176374904,0.23209150430267822,-0.6867047924611132
0.8056545863976888,0.6675349285805485,-1.3773432937252679,-0.030798346103564134
-0.28547142588607893,-0.8996880542632769,-0.1344661163984002,-0.8796177353715139
1.5298341325424891,0.8251674978556762,-0.5098006698934557,-0.755544886154836
-0.5400488423926164,-1.4508812074321993,-0.2823526344494478,0.2613691423203766
-1.6732051107801271,-1.3242514050593819,-0.01795807910021263,1.9954229788735744
0.24045807046487658,-0.03390408189095451,0.2988778372901679,1.3650156819195098
>>>>>>> b22409f (Changed Lab_1 and added Lab_2)
